f1_bin,pre_bin,rec_bin,acc_bin,f1_int,pre_int,rec_int,acc_int
0.8617363344051447,0.8481012658227848,0.8758169934640523,0.9075268817204301,0.9192064251767764,0.9329417894881349,0.9123544266191326,0.9053763440860215
0.7875,0.7544910179640718,0.8235294117647058,0.853448275862069,0.8724014376608716,0.9115392328634968,0.8591679960403059,0.853448275862069
0.7857142857142857,0.7806451612903226,0.7908496732026143,0.8577586206896551,0.8847260209214575,0.9080400063251108,0.8777034220362772,0.8577586206896551
0.85,0.8143712574850299,0.8888888888888888,0.896551724137931,0.9099452251921767,0.9325190585216122,0.8935679496655107,0.8943965517241379
0.7951070336391437,0.7471264367816092,0.8496732026143791,0.8556034482758621,0.8750681960125085,0.9207651727094135,0.8538740233144824,0.8556034482758621
