f1_bin,pre_bin,rec_bin,acc_bin,f1_int,pre_int,rec_int,acc_int
0.8366013071895425,0.8366013071895425,0.8366013071895425,0.8924731182795699,0.907895932154822,0.913061391223156,0.9054635305711347,0.8903225806451613
0.8027210884353742,0.8368794326241135,0.7712418300653595,0.875,0.9033972458913115,0.9069028125434573,0.9102585283360034,0.875
0.7315436241610739,0.7517241379310344,0.7124183006535948,0.8275862068965517,0.8597084135145137,0.8822427631814754,0.8607693756904661,0.8254310344827587
0.8553054662379421,0.8417721518987342,0.869281045751634,0.9030172413793104,0.9195313085738219,0.9309721400563717,0.911761807457647,0.9030172413793104
0.8172757475083057,0.831081081081081,0.803921568627451,0.8814655172413793,0.9000319471097578,0.90475451212426,0.9026617571811262,0.8793103448275862
