f1_bin,pre_bin,rec_bin,acc_bin,f1_int,pre_int,rec_int,acc_int
0.8571428571428571,0.8333333333333334,0.8823529411764706,0.9032258064516129,0.9154204671400519,0.9311228354978356,0.9039780879092214,0.9010752688172043
0.8246753246753247,0.8193548387096774,0.8300653594771242,0.8836206896551724,0.907937543143235,0.9194354838709679,0.9025130456981248,0.8836206896551724
0.7647058823529411,0.6951871657754011,0.8496732026143791,0.8275862068965517,0.8461176849145062,0.9123631671811371,0.8155375630268027,0.8275862068965517
0.8637873754152824,0.8783783783783784,0.8496732026143791,0.9116379310344828,0.928504761027846,0.9284585861371577,0.9310131443560425,0.9116379310344828
0.8401253918495298,0.8072289156626506,0.8758169934640523,0.8900862068965517,0.9071992253873171,0.9330746656092155,0.892260760123027,0.8900862068965517
