mom,alpha,eps,wd,f1
0.5925624768265427,0.5734342997721251,0.0059664388111060306,0.07833356005706915,0.8238494811971515
0.7017259312461007,0.7589171136493648,0.0017784986564746428,0.09770023641779166,0.8514196748404818
0.7305171383906195,0.6894002187137485,0.003556173410745926,0.09495260366075635,0.8211993570513877
0.8079325500497334,0.8900132447444067,0.026507455734444536,0.07068621294551992,0.8132418427716438
0.8734666501021071,0.6493316078482126,0.0016632670379253796,0.04603853526300596,0.8105485428377245
